{"cameraMode":{"drawMode":0,"name":"Shaded","section":"Shading Mode"},"sceneLighting":false,"audioPlay":false,"sceneViewState":{"m_AlwaysRefresh":false,"showFog":true,"showSkybox":false,"showFlares":true,"showImageEffects":true,"showParticleSystems":true,"showVisualEffectGraphs":true,"m_FxEnabled":true},"in2DMode":false,"pivot":{"x":11.297737121582032,"y":-21.239059448242189,"z":48.177894592285159},"rotation":{"x":0.28369301557540896,"y":0.23459979891777039,"z":-0.07144027948379517,"w":0.9273228049278259},"size":50.865028381347659,"orthographic":false}