{"cameraMode":{"drawMode":0,"name":"Shaded","section":"Shading Mode"},"sceneLighting":false,"audioPlay":false,"sceneViewState":{"m_AlwaysRefresh":false,"showFog":true,"showSkybox":false,"showFlares":true,"showImageEffects":true,"showParticleSystems":true,"showVisualEffectGraphs":true,"m_FxEnabled":true},"in2DMode":false,"pivot":{"x":2.4048759937286379,"y":3.2286601066589357,"z":8.212767601013184},"rotation":{"x":0.006128382869064808,"y":-0.9945235848426819,"z":0.04643375799059868,"w":0.09831300377845764},"size":0.8660253882408142,"orthographic":false}