{"cameraMode":{"drawMode":0,"name":"Shaded","section":"Shading Mode"},"sceneLighting":false,"audioPlay":false,"sceneViewState":{"m_AlwaysRefresh":false,"showFog":true,"showSkybox":false,"showFlares":true,"showImageEffects":true,"showParticleSystems":true,"showVisualEffectGraphs":true,"m_FxEnabled":true},"in2DMode":false,"pivot":{"x":-3.2933084964752199,"y":0.030003191903233529,"z":26.74812889099121},"rotation":{"x":0.3025270700454712,"y":-0.42557796835899355,"z":0.15316785871982575,"w":0.8394632935523987},"size":28.55547332763672,"orthographic":false}